{"cameraMode":{"drawMode":0,"name":"Shaded","section":"Shading Mode"},"sceneLighting":true,"audioPlay":false,"sceneViewState":{"showFog":true,"showMaterialUpdate":false,"showSkybox":true,"showFlares":true,"showImageEffects":true,"showParticleSystems":true},"in2DMode":false,"pivot":{"x":12.02734661102295,"y":34.348636627197269,"z":-6.045754432678223},"rotation":{"x":0.013580471277236939,"y":0.8031984567642212,"z":-0.01832379214465618,"w":0.5952755808830261},"size":124.91039276123047,"orthographic":false}